referrer_source,referrer_name,orders,total_sales
Direct,,15783,2463826.940
Search,Google,3748,546389.430
Social,Facebook,649,83711.580
Search,Bing,221,30277.240
Unknown,Android,107,14518.900
Search,Yahoo!,87,12874.880
Email,Outlook.com,60,9096.300
Unknown,Shawcable,46,6570.680
Social,Instagram,37,4409.910
Social,Reddit,29,3570.470
Search,DuckDuckGo,21,3306.340
Unknown,Paypal,18,3166.970
Search,Ask,18,2867.480
Unknown,Redflagdeals,18,2398.240
Unknown,Mailchi,13,2181.200
Unknown,Myway,11,2166.330
Unknown,Retailmenot,14,1409.310
Unknown,Shopsevenoaks,7,1174.340
Unknown,Telus,10,1141.940
Unknown,Campaign-Archive,6,708.200
Unknown,Coquitlamcentre,5,676.870
Unknown,1and1,6,614.970
Email,Gmail,4,570.000
Unknown,Dealscove,3,554.320
Unknown,Ubc,2,473.110
Unknown,Buenoshoes,3,457.980
Unknown,Searchencrypt,2,408.730
Unknown,Vancouversun,2,363.920
Unknown,Campaign-Archive2,1,319.160
Unknown,Vionicshoes,3,303.630
Unknown,Unroll,2,299.540
Unknown,Theprovince,3,279.870
Unknown,Shopparkroyal,3,279.870
Unknown,Hillsidecentre,3,257.430
Unknown,Laurencedawson,1,223.980
Unknown,Shopwillowbrook,1,215.570
Unknown,Deref-Mail,2,209.900
Search,Softonic,1,187.560
Invalid,,1,141.240
Unknown,Uniserve,1,111.990
Unknown,Yelp,1,111.990
Unknown,Optionsdsl,1,111.980
Unknown,Foot,1,111.980
Unknown,Tru,1,111.940
Unknown,Timescolonist,1,109.180
Search,Ecosia,1,106.340
Unknown,Fraserhealth,1,106.260
Unknown,Keenfootwear,1,99.740
Email,MailChimp,1,89.540
Unknown,Ara-Shoes,1,83.940
Unknown,Cogeco,1,83.900
Email,AOL Mail,1,81.130
Unknown,Pinterest,1,67.140
Search,SearchLock,1,67.140
Unknown,Citywest,1,67.140
